Year,ShiMen Reservoir,ZhongZhuang Adjustment Reservoir,ShiMen WPP Storage Pool
2040,71652960.58585753,5050000.0,500000.0
2041,202278000.0,5050000.0,500000.0
2042,202277999.99999997,5050000.0,500000.0
2043,202278000.0,5050000.0,500000.0
2044,166291311.78171688,5050000.0,500000.0
2045,60784187.14423268,5050000.0,500000.0
2046,202278000.0,5050000.0,500000.0
2047,202278000.0,5050000.0,500000.0
2048,202278000.0,5050000.0,500000.0
2049,92938597.30399847,5050000.0,500000.0
