Year,ShiMen Reservoir,ZhongZhuang Adjustment Reservoir,ShiMen WPP Storage Pool
2050,120647138.48121525,5050000.0,500000.0
2051,39950977.7018633,5050000.0,500000.0
2052,202278000.0,5050000.0,500000.0
2053,105689231.49974726,5050000.0,500000.0
2054,120842144.20846067,5050000.0,500000.0
2055,187541573.3626913,5050000.0,500000.0
2056,65458509.660965875,5050000.0,500000.0
2057,127576074.3956335,5050000.0,500000.0
2058,202278000.0,5050000.0,500000.0
2059,202278000.0,5050000.0,500000.0
