Year,ShiMen Reservoir,ZhongZhuang Adjustment Reservoir,ShiMen WPP Storage Pool
2040,202278000.0,5050000.0,500000.0
2041,202278000.0,5050000.0,500000.0
2042,202278000.0,5050000.0,500000.0
2043,202278000.0,5050000.0,500000.0
2044,202278000.0,5050000.0,500000.0
2045,177978888.5205583,5050000.0,500000.0
2046,202278000.0,5050000.0,500000.0
2047,196228965.48441693,5050000.0,500000.0
2048,202278000.0,5050000.0,500000.0
2049,202278000.0,5050000.0,500000.0
