Year,ShiMen Reservoir,ZhongZhuang Adjustment Reservoir,ShiMen WPP Storage Pool
2050,202278000.0,5050000.0,500000.0
2051,191850148.79235834,5050000.0,500000.0
2052,83625623.15004222,5050000.0,500000.0
2053,202278000.0,5050000.0,500000.0
2054,51335521.23793706,5050000.0,500000.0
2055,202278000.0,5050000.0,500000.0
2056,202278000.0,5050000.0,500000.0
2057,138992400.1925556,5050000.0,500000.0
2058,47473605.10493818,5050000.0,500000.0
2059,96600733.00235087,5050000.0,500000.0
