Year,ShiMen Reservoir,ZhongZhuang Adjustment Reservoir,ShiMen WPP Storage Pool
2040,173120599.65380445,5050000.0,500000.0
2041,192912977.890749,5050000.0,500000.0
2042,83486485.23758942,5050000.0,500000.0
2043,192350255.7992794,5050000.0,500000.0
2044,202278000.0,5050000.0,500000.0
2045,202278000.0,5050000.0,500000.0
2046,172672265.10015872,5050000.0,500000.0
2047,193119515.98808274,5050000.0,500000.0
2048,202278000.0,5050000.0,500000.0
2049,202278000.0,5050000.0,500000.0
