Year, SI_20yr_avg, SI_20yr_std
2030,3.365639655121374,0.5089382177234698
