Year, SI_20yr_avg, SI_20yr_std
2020,2.0430580948632207,1.0075920976013584
