Year, DPD_20yr_avg, DPD_20yr_std
2030,4087.670161467823,2689.657578032974
