Year, DPD_20yr_avg, DPD_20yr_std
2020,851.4810150800007,1535.6784660568226
