Year, SI_20yr_avg, SI_20yr_std
2030,3.6625792703149687,0.6432241454593755
