Year, SI_20yr_avg, SI_20yr_std
2030,2.7055925901870683,0.6768288365929527
