Year, DPD_20yr_avg, DPD_20yr_std
2020,1253.6895050137866,1949.314208834205
