Year, DPD_20yr_avg, DPD_20yr_std
2030,1861.8304239653132,2454.5930148600414
