Year, SI_20yr_avg, SI_20yr_std
2020,7.136645884029346,1.896426051686479
