Year, DPD_20yr_avg, DPD_20yr_std
2020,4403.819515573483,3397.9518194775983
