Year, SI_20yr_avg, SI_20yr_std
2020,3.672186741962032,0.7299522403811691
