Year, SI_20yr_avg, SI_20yr_std
2020,4.239218281464181,1.452637355734757
