Year, SI_20yr_avg, SI_20yr_std
2020,0.4509997747772979,0.21453046198774284
