Year, SI_20yr_avg, SI_20yr_std
2040,5.970607556841509,1.85920259832751
