Year, SI_20yr_avg, SI_20yr_std
2020,3.815429954476106,1.4102768321081531
