Year, DPD_20yr_avg, DPD_20yr_std
2030,4730.7620011345925,3022.5332067178297
