Year, DPD_20yr_avg, DPD_20yr_std
2030,4237.7629220411945,2979.263764233463
