Year, SI_20yr_avg, SI_20yr_std
2030,0.156028260841859,0.14382128060441343
