Year, DPD_20yr_avg, DPD_20yr_std
2040,640.7146182459787,779.3397779710773
