Year, SI_20yr_avg, SI_20yr_std
2030,6.715332481470187,1.8701321937055555
