Year, SI_20yr_avg, SI_20yr_std
2040,8.463309118157472,1.5376519445773789
