Year, SI_20yr_avg, SI_20yr_std
2020,1.2543545463021712,0.5138294770843241
