Year, SI_20yr_avg, SI_20yr_std
2040,4.532082782744438,1.2051873118024303
