Year, SI_20yr_avg, SI_20yr_std
2030,2.5851977557512766,0.5572038899087919
