Year, SI_20yr_avg, SI_20yr_std
2040,0.5148689120418222,0.23512265236711063
