Year, DPD_20yr_avg, DPD_20yr_std
2020,440.6559270070863,847.3481061424566
