Year, DPD_20yr_avg, DPD_20yr_std
2030,3375.742165400386,2937.7132791804097
