Year, SI_20yr_avg, SI_20yr_std
2020,0.5867756906625399,0.29350821383822534
