Year, SI_20yr_avg, SI_20yr_std
2040,0.0935341270966151,0.08748402804707081
