Year, DPD_20yr_avg, DPD_20yr_std
2030,2503.7477028964154,2904.642502705623
