Year, DPD_20yr_avg, DPD_20yr_std
2030,5720.573455106579,3919.339853961559
