Year, DPD_20yr_avg, DPD_20yr_std
2040,524.6040951648858,743.8687149057026
