Year, DPD_20yr_avg, DPD_20yr_std
2040,1654.2137927325678,2169.8909939579544
