Year, SI_20yr_avg, SI_20yr_std
2030,0.9537278824624493,0.5733495020497107
