Year, DPD_20yr_avg, DPD_20yr_std
2030,1118.1151634917537,1685.0122116272946
