Year, DPD_20yr_avg, DPD_20yr_std
2030,666.9697403644814,1140.9724004659663
