Year, DPD_20yr_avg, DPD_20yr_std
2040,674.9470232507557,1039.4030505248916
