Year, SI_20yr_avg, SI_20yr_std
2020,7.875081384799145,1.6098645396958722
