Year, SI_20yr_avg, SI_20yr_std
2030,0.4294587311704177,0.2716486730967657
