Year, DPD_20yr_avg, DPD_20yr_std
2030,562.3885704598887,1065.7650729631937
