Year, DPD_20yr_avg, DPD_20yr_std
2040,3787.8486932634573,2931.606972797854
