Year, SI_20yr_avg, SI_20yr_std
2040,0.28026660151697047,0.1506740106278095
