Year, SI_20yr_avg, SI_20yr_std
2040,2.6882263433838935,0.7183390216468165
