Year, DPD_20yr_avg, DPD_20yr_std
2030,3333.517197291789,3063.5327653047207
