Year, DPD_20yr_avg, DPD_20yr_std
2020,6923.753823382894,3715.319169774839
