Year, DPD_20yr_avg, DPD_20yr_std
2020,3079.4626731959393,2645.3408310049213
