Year, SI_20yr_avg, SI_20yr_std
2030,8.8680815133465,1.8536207822639275
