Year, SI_20yr_avg, SI_20yr_std
2030,0.1896968662284259,0.15521444767116857
