Year, SI_20yr_avg, SI_20yr_std
2020,4.907400957203107,1.3135933587330997
