Year, SI_20yr_avg, SI_20yr_std
2030,0.142197927851119,0.06341152474642163
