Year, DPD_20yr_avg, DPD_20yr_std
2020,1293.3313786326623,1656.1197223014321
