Year, SI_20yr_avg, SI_20yr_std
2040,3.309923089105819,1.0836192991517681
