Year, SI_20yr_avg, SI_20yr_std
2030,2.4364477701261507,0.8289807146272552
