Year, SI_20yr_avg, SI_20yr_std
2020,0.09125992320247087,0.12986118927036902
