Year, DPD_20yr_avg, DPD_20yr_std
2020,3040.0145410903306,2687.2178210396746
