Year, SI_20yr_avg, SI_20yr_std
2030,0.18282264328276757,0.13431368522905415
