Year, SI_20yr_avg, SI_20yr_std
2020,2.2804343692933604,0.5702339719943261
