Year, DPD_20yr_avg, DPD_20yr_std
2040,3773.0451761048844,3120.2520186106776
