Year, DPD_20yr_avg, DPD_20yr_std
2040,1378.515020571249,1711.9893335210268
