Year, DPD_20yr_avg, DPD_20yr_std
2040,2289.1043888331337,2779.6586354883107
