Year, SI_20yr_avg, SI_20yr_std
2030,2.8530047427955614,1.1600048935437013
