Year, DPD_20yr_avg, DPD_20yr_std
2020,3778.4167497671583,3007.637388417379
