Year, SI_20yr_avg, SI_20yr_std
2020,2.8170608990029087,0.8287870960365248
