Year, DPD_20yr_avg, DPD_20yr_std
2020,600.4747395339941,1006.7647761513028
