Year, SI_20yr_avg, SI_20yr_std
2040,0.10357478340071227,0.03696637334887127
