Year, SI_20yr_avg, SI_20yr_std
2020,0.15962369824351352,0.15665352934783552
