Year, SI_20yr_avg, SI_20yr_std
2040,0.7286410894307458,0.4728268800482172
