Year, DPD_20yr_avg, DPD_20yr_std
2030,1278.4696837859685,1727.0658847314467
