Year, DPD_20yr_avg, DPD_20yr_std
2030,1280.0368442385845,1583.2083367150046
