Year, DPD_20yr_avg, DPD_20yr_std
2040,1571.1815260343917,2278.4887198923248
