Year, SI_20yr_avg, SI_20yr_std
2020,0.44136897317013163,0.24542612567574934
