Year, SI_20yr_avg, SI_20yr_std
2030,2.8107038454334066,1.237417039658745
