Year, DPD_20yr_avg, DPD_20yr_std
2020,5782.242290529669,3963.6372682037913
