Year, DPD_20yr_avg, DPD_20yr_std
2020,1319.7096009689863,1760.6552167995353
