Year, SI_20yr_avg, SI_20yr_std
2040,2.1031305364934694,0.5995522741744133
