Year, DPD_20yr_avg, DPD_20yr_std
2020,2265.013456481136,2669.099102782714
