Year, DPD_20yr_avg, DPD_20yr_std
2030,5915.501748359038,3507.471344756133
