Year, DPD_20yr_avg, DPD_20yr_std
2020,6315.507039785031,4040.9890698174613
