Year, SI_20yr_avg, SI_20yr_std
2030,1.0507617296930583,0.2951729352087423
