Year, SI_20yr_avg, SI_20yr_std
2020,0.5411651382558753,0.33137940015971995
