Year, SI_20yr_avg, SI_20yr_std
2040,3.1542226792939334,0.5799893389767949
