Year, DPD_20yr_avg, DPD_20yr_std
2030,1815.2615980497344,2424.3853496248903
