Year, DPD_20yr_avg, DPD_20yr_std
2030,3292.702206884737,2790.728390489822
