Year, SI_20yr_avg, SI_20yr_std
2040,0.16220750578817233,0.10975240847883347
