Year, SI_20yr_avg, SI_20yr_std
2020,0.3970774018487573,0.18197196333585333
