Year, DPD_20yr_avg, DPD_20yr_std
2020,5157.4566454082615,3505.383170770468
