Year, SI_20yr_avg, SI_20yr_std
2040,0.21020458949132176,0.15601634990351068
