Year, DPD_20yr_avg, DPD_20yr_std
2040,1377.4655364285434,1709.1357471310862
