Year, DPD_20yr_avg, DPD_20yr_std
2030,3639.0916809008945,3203.9809293460235
