Year, SI_20yr_avg, SI_20yr_std
2040,0.530254296935531,0.3037204533430589
