Year, SI_20yr_avg, SI_20yr_std
2040,5.503770572668275,0.828801578270251
