Year, DPD_20yr_avg, DPD_20yr_std
2040,3530.6617562187357,2480.914288897668
