Year, SI_20yr_avg, SI_20yr_std
2040,6.391894462236907,1.1786174964145437
