Year, SI_20yr_avg, SI_20yr_std
2040,2.101374112746177,0.5167910899269941
