Year, DPD_20yr_avg, DPD_20yr_std
2040,1049.7732799130774,1296.1174793689968
