Year, DPD_20yr_avg, DPD_20yr_std
2020,1116.733781529018,1628.1324033701624
