Year, SI_20yr_avg, SI_20yr_std
2020,2.090604628372043,0.48148251154924504
