Year, DPD_20yr_avg, DPD_20yr_std
2040,3242.5498055670214,2468.797521015718
