Year, DPD_20yr_avg, DPD_20yr_std
2030,670.905388452547,929.3525622711273
