Year, SI_20yr_avg, SI_20yr_std
2030,0.39871862057725055,0.17064722104890068
