Year, DPD_20yr_avg, DPD_20yr_std
2020,3482.203661250765,2803.63922545674
