Year, SI_20yr_avg, SI_20yr_std
2040,3.0588091803950195,1.199530719349934
