Year, DPD_20yr_avg, DPD_20yr_std
2030,1065.4031511462883,1688.3793002916943
