Year, DPD_20yr_avg, DPD_20yr_std
2040,5500.6403781869685,3460.6836156150725
