Year, DPD_20yr_avg, DPD_20yr_std
2030,7185.032760091522,3945.9551944676946
