Year, DPD_20yr_avg, DPD_20yr_std
2040,6412.162165125093,3614.0045271424206
