Year, DPD_20yr_avg, DPD_20yr_std
2040,4828.425285765488,3171.3315637983956
