Year, DPD_20yr_avg, DPD_20yr_std
2030,645.6190971890526,1183.892233574743
