Year, DPD_20yr_avg, DPD_20yr_std
2040,5758.393047053271,3879.311259893929
