Year, SI_20yr_avg, SI_20yr_std
2030,0.4134662793444946,0.13584091692501205
