Year, SI_20yr_avg, SI_20yr_std
2040,0.8184854448665602,0.5670166750659231
