Year, DPD_20yr_avg, DPD_20yr_std
2040,4576.283877263487,3026.270304999634
