Year, SI_20yr_avg, SI_20yr_std
2020,6.225900501942059,1.6198296177314075
