Year, DPD_20yr_avg, DPD_20yr_std
2020,1141.6722670585837,1743.2218724111103
