Year, SI_20yr_avg, SI_20yr_std
2020,0.29267741079318077,0.2092559033842431
