Year, DPD_20yr_avg, DPD_20yr_std
2040,2120.124043002888,2781.544958284813
