Year, DPD_20yr_avg, DPD_20yr_std
2020,749.8657150085442,1255.6553202023379
