Year, SI_20yr_avg, SI_20yr_std
2030,6.880959169209268,1.9063123782161118
