Year, DPD_20yr_avg, DPD_20yr_std
2040,3496.179439429798,3089.2535014098485
