Year, SI_20yr_avg, SI_20yr_std
2030,6.432948269017051,1.7940859016030515
