Year, DPD_20yr_avg, DPD_20yr_std
2040,788.1876434765622,1219.177902295777
