Year, DPD_20yr_avg, DPD_20yr_std
2020,4452.53192297412,3295.1632908610036
