Year, SI_20yr_avg, SI_20yr_std
2030,0.4869343188644758,0.22036915014625427
