Year, DPD_20yr_avg, DPD_20yr_std
2040,7065.614286666794,4232.115035947348
