Year, SI_20yr_avg, SI_20yr_std
2030,1.4917906791194557,0.7034983007711425
