Year, SI_20yr_avg, SI_20yr_std
2020,0.5381684413919764,0.32814721270098246
