Year, DPD_20yr_avg, DPD_20yr_std
2030,6129.236811806503,3982.3308067238772
