Year, DPD_20yr_avg, DPD_20yr_std
2020,4766.358874070405,3183.2208484666703
