Year, SI_20yr_avg, SI_20yr_std
2020,0.20827041176653643,0.11633229461334707
