Year, SI_20yr_avg, SI_20yr_std
2040,1.2256806120895647,0.6070870304412109
