Year, DPD_20yr_avg, DPD_20yr_std
2020,1302.5292135869333,1909.0011323782205
