Year, SI_20yr_avg, SI_20yr_std
2040,1.3645471277070935,0.5584080322088997
