Year, SI_20yr_avg, SI_20yr_std
1996,0.30461527001748917,0.14987419610362376
