Year, SI_20yr_avg, SI_20yr_std
1996,3.269488574729227,1.3104348044121696
