Year, DPD_20yr_avg, DPD_20yr_std
1996,3930.8606467676827,2980.0747645842157
