Year, DPD_20yr_avg, DPD_20yr_std
1996,959.3146683324463,1392.8648020338244
